Sr. No.,Reference No.,MSN,Telco,Sim No,Sim Id,PROJECT
1,29159131599205,2998007162,Ufone,03313690984,894100341543175,COSMOS
2,29159131599732,2998007182,Ufone,03313691937,894100341543175,COSMOS
3,29159131600503,2998007266,No Telco,,0123456789,COSMOS
4,29159131602400,2998007155,Ufone,03313690820,894100341543175,COSMOS
5,29159131616900,2998007250,Ufone,03313695953,894100341543175,COSMOS
6,29159131617800,2998007197,Ufone,03313694249,894100341543175,COSMOS
7,29159131655206,2998007183,Ufone,03313691949,894100341543175,COSMOS
8,29159131655607,2998007187,Ufone,03313692125,894100341543175,COSMOS
9,29159131655628,2998007188,Ufone,03313693569,894100341543175,COSMOS
10,29159131655805,2998007191,Ufone,03313693778,894100341543175,COSMOS
11,29159131659900,2998007249,Ufone,03313695951,894100341543175,COSMOS
12,29159131659915,2998007142,Ufone,03313690574,894100341543175,COSMOS
13,29159131660400,2998007246,Ufone,03313695867,894100341543175,COSMOS
14,29159131660706,2998007161,Ufone,03313690976,894100341543175,COSMOS
15,29159131662041,2998007149,Ufone,03313690716,894100341543175,COSMOS
16,29159130062001,2998007198,Ufone,03313694446,894100341543175,COSMOS
17,29159130171308,2998007248,Ufone,03313695908,894100341543175,COSMOS
18,29159130185302,2998007229,Ufone,03313683216,894100341543175,COSMOS
19,29159130185305,2998007213,Ufone,03313695043,894100341543175,COSMOS
20,29159130300001,2998007251,Ufone,03313695955,894100341543175,COSMOS
21,29159130308010,2998007219,Ufone,03313695191,894100341543175,COSMOS
22,29159130338902,2998007172,Ufone,03313691401,894100341543175,COSMOS
23,29159130670201,2998007245,Ufone,03313695857,894100341543175,COSMOS
24,29159130672501,2998007170,Ufone,03313691343,894100341543175,COSMOS
25,29159130672900,2998007147,Ufone,03313690706,894100341543175,COSMOS
26,29159130673500,2998007199,Ufone,03313694498,894100341543175,COSMOS
27,29159130675010,2998007203,Ufone,03313694837,894100341543175,COSMOS
28,29159130675705,2998007185,Ufone,03313692013,894100341543175,COSMOS
29,29159130677901,2998007228,Ufone,03313695484,894100341543175,COSMOS
30,29159131024700,2998007201,Ufone,03313694656,894100341543175,COSMOS
31,29159131611010,2998007232,Ufone,03313695564,894100341543175,COSMOS
32,29159131051803,2998007243,Ufone,03313695811,894100341543175,COSMOS
33,29159131432111,2998007207,Ufone,03313694890,894100341543175,COSMOS
34,29159131443800,2998007200,Ufone,03313694655,894100341543175,COSMOS
35,29159131475601,2998007173,Ufone,03313691413,894100341543175,COSMOS
36,29159131502007,2998007184,Ufone,03313691986,894100341543175,COSMOS
37,29159131502200,2998007241,Ufone,03313695783,894100341543175,COSMOS
38,29159131511032,2998007148,Ufone,03313690712,894100341543175,COSMOS
39,29159131511405,2998007220,Ufone,03313695204,894100341543175,COSMOS
40,29159131512105,2998007236,Ufone,03313695663,894100341543175,COSMOS
41,29159131512202,2998007233,Ufone,03313695572,894100341543175,COSMOS
42,29159131562807,2998007256,Ufone,03313697403,894100341543175,COSMOS
43,29159131562808,2998007264,Ufone,03313698019,894100341543175,COSMOS
44,29159131562812,2998007238,Ufone,03313695718,894100341543175,COSMOS
45,29159131562821,2998007180,Ufone,03313691789,894100341543175,COSMOS
46,29159131562900,2998007263,Ufone,03313697829,894100341543175,COSMOS
47,29159131589205,2998007163,Ufone,03313690994,894100341543175,COSMOS
48,29159131598506,2998007151,Ufone,03313690744,894100341543175,COSMOS
49,29159131598725,2998007202,Ufone,03313694832,894100341543175,COSMOS
50,29159131600311,2998007192,Ufone,03313693907,894100341543175,COSMOS
51,29159130283810,2998007164,Ufone,03313691008,894100341543175,COSMOS
52,29159130297801,2998007214,Ufone,03313695058,894100341543175,COSMOS
53,29159130300605,2998007190,Ufone,03313693745,894100341543175,COSMOS
54,29159130300608,2998007186,Ufone,03313692059,894100341543175,COSMOS
55,29159130308002,2998007218,Ufone,03313695173,894100341543175,COSMOS
56,29159130308008,2998007209,Ufone,03313694902,894100341543175,COSMOS
57,29159130339408,2998007267,Ufone,03313698217,894100341543175,COSMOS
58,29159130339502,2998007189,Ufone,03313693598,894100341543175,COSMOS
59,29159131024714,2998007260,Ufone,03313697553,894100341543175,COSMOS
60,29159131024719,2998007153,Ufone,03313690783,894100341543175,COSMOS
61,29159131036100,2998007261,Ufone,03313697659,894100341543175,COSMOS
62,29159131036210,2998007247,Ufone,03313695877,894100341543175,COSMOS
63,29159131036700,2998007206,Ufone,03313694879,894100341543175,COSMOS
64,29159131087805,2998007231,Ufone,03313695536,894100341543175,COSMOS
65,29159131088608,2998007272,Ufone,03313698322,894100341543175,COSMOS
66,29159131094615,2998007275,Ufone,03313698417,894100341543175,COSMOS
67,29159131098805,2998007179,Ufone,03313691769,894100341543175,COSMOS
68,29159131098905,2998007230,Ufone,03313695524,894100341543175,COSMOS
69,29159131099300,2998007141,Ufone,03313690567,894100341543175,COSMOS
70,29159131099315,2998007226,Ufone,03313695475,894100341543175,COSMOS
71,29159131099330,2998007273,Ufone,03313698329,894100341543175,COSMOS
72,29159131128301,2998007237,Ufone,03313695706,894100341543175,COSMOS
73,29159131128505,2998007259,Ufone,03313697495,894100341543175,COSMOS
74,29159131128600,2998007159,Ufone,03313690932,894100341543175,COSMOS
75,29159131128809,2998007138,Ufone,03313690493,894100341543175,COSMOS
76,29159131128819,2998007235,Ufone,03313695621,894100341543175,COSMOS
77,29159131129210,2998007196,Ufone,03313694176,894100341543175,COSMOS
78,29159131129306,2998007274,Ufone,03313698402,894100341543175,COSMOS
79,29159131129410,2998007227,Ufone,03313695481,894100341543175,COSMOS
80,29159131129411,2998007175,Ufone,03313691583,894100341543175,COSMOS
81,29159131129415,2998007239,Ufone,03313695741,8941003415431758397,COSMOS
82,29159131136703,2998007177,Ufone,03313691634,894100341543175,COSMOS
83,29159131136708,2998007211,Ufone,03313694951,894100341543175,COSMOS
84,29159131163400,2998007136,Ufone,03313690469,894100341543175,COSMOS
85,29159131163410,2998007169,Ufone,03313691105,894100341543175,COSMOS
86,29159131170135,2998007208,Ufone,03313694891,894100341543175,COSMOS
87,29159131189320,2998007244,Ufone,03313695824,894100341543175,COSMOS
88,29159131206807,2998007234,Ufone,03313695614,894100341543175,COSMOS
89,29159131300928,2998007195,Ufone,03313694140,894100341543175,COSMOS
90,29159131301004,2998007210,Ufone,03313694925,894100341543175,COSMOS
91,29159131345710,2998007240,Ufone,03313695762,894100341543175,COSMOS
92,29159131354455,2998007160,Ufone,03313690969,894100341543175,COSMOS
93,29159131354460,2998007271,Ufone,03313698298,894100341543175,COSMOS
94,29159131355408,2998007166,Ufone,03313691071,894100341543175,COSMOS
95,29159131367203,2998007143,Ufone,03313690577,894100341543175,COSMOS
96,29159131367205,2998007222,Ufone,03313695273,894100341543175,COSMOS
97,29159131367230,2998007205,Ufone,03313694847,894100341543175,COSMOS
98,29159131401212,2998007137,Ufone,03313690492,894100341543175,COSMOS
99,29159131401214,2998007253,Ufone,03313696025,894100341543175,COSMOS
100,29159131401402,2998007270,Ufone,03313698271,894100341543175,COSMOS
101,29159131401501,2998007146,Ufone,03313690634,894100341543175,COSMOS
102,29159130396919,2998007178,Ufone,03313691689,894100341543175,COSMOS
103,29159152400101,2998007491,Ufone,03320355364,894100341543175,COSMOS
104,29159152405609,2998007422,Ufone,03320352568,894100341543175,COSMOS
105,29159152405611,2998007400,Ufone,03320352307,894100341543175,COSMOS
106,29159152405617,2998007426,Ufone,03320352590,894100341543175,COSMOS
107,29159152406109,2998007514,Ufone,03320356136,894100341543175,COSMOS
108,29159152498521,2998007402,Ufone,03320352313,894100341543175,COSMOS
109,29159152502400,2998007452,Ufone,03320353978,894100341543175,COSMOS
110,29159152615505,2998007510,Ufone,03320356021,894100341543175,COSMOS
111,29159152615509,2998007416,Ufone,03320352463,894100341543175,COSMOS
112,29159152626119,2998007430,Ufone,03320352701,894100341543175,COSMOS
113,29159152651513,2998007511,Ufone,03320356061,894100341543175,COSMOS
114,29159152651520,2998007450,Ufone,03320353816,894100341543175,COSMOS
115,29159152678310,2998007457,Ufone,03313698583,894100341543175,COSMOS
116,29159152696432,2998007527,Ufone,03320356382,894100341543175,COSMOS
117,29159152696917,2998007509,Ufone,03320355980,894100341543175,COSMOS
118,29159152696918,2998007474,Ufone,03320354822,894100341543175,COSMOS
119,29159152696927,2998007454,Ufone,03320354063,894100341543175,COSMOS
120,29159152696940,2998007525,Ufone,03320356373,894100341543175,COSMOS
121,29159152697111,2998007404,Ufone,03320352328,894100341543175,COSMOS
122,29159152754002,2998007407,Ufone,03320352411,894100341543175,COSMOS
123,29159152756120,2998007390,Ufone,03320352160,894100341543175,COSMOS
124,29159152759928,2998007431,Ufone,03320352827,894100341543175,COSMOS
125,29159152775621,2998007465,Ufone,03320354603,894100341543175,COSMOS
126,29159152974903,2998007441,Ufone,03320353309,894100341543175,COSMOS
127,29159152862717,2998007499,Ufone,03320355643,894100341543175,COSMOS
128,29159152862731,2998007411,Ufone,03320352429,894100341543175,COSMOS
129,29159152862799,2998007427,Ufone,03320352596,894100341543175,COSMOS
130,29159152878710,2998007475,Ufone,03320354944,894100341543175,COSMOS
131,29159152902214,2998007449,Ufone,03320353805,894100341543175,COSMOS
132,29159152918223,2998007517,Ufone,03320356188,894100341543175,COSMOS
133,29159152920905,2998007419,Ufone,03320352491,894100341543175,COSMOS
134,29159152922309,2998007432,Ufone,03320352859,894100341543175,COSMOS
135,29159152929307,2998007456,Ufone,03320354160,894100341543175,COSMOS
136,29159152930052,2998007421,Ufone,03320352556,894100341543175,COSMOS
137,29159152938318,2998007403,Ufone,03320352322,894100341543175,COSMOS
138,29159152945325,2998007438,Ufone,03320353028,894100341543175,COSMOS
139,29159152945809,2998007523,Ufone,03320356335,894100341543175,COSMOS
140,29159152947327,2998007393,Ufone,03320352189,894100341543175,COSMOS
141,29159152961806,2998007413,Ufone,03320352454,894100341543175,COSMOS
142,29159152961814,2998007518,Ufone,03320356202,894100341543175,COSMOS
143,29159151424133,2998007500,Ufone,03320355646,894100341543175,COSMOS
144,29159151425039,2998007458,Ufone,03320354247,894100341543175,COSMOS
145,29159151430809,2998007462,Ufone,03320354469,894100341543175,COSMOS
146,29159151431820,2998007483,Ufone,03320355219,894100341543175,COSMOS
147,29159151455735,2998007493,Ufone,03320355437,894100341543175,COSMOS
148,29159151456814,2998007467,Ufone,03320354653,894100341543175,COSMOS
149,29159151470607,2998007468,Ufone,03320354655,894100341543175,COSMOS
150,29159151470612,2998007417,Ufone,03320352467,894100341543175,COSMOS
151,29159151470713,2998007397,Ufone,03320352287,894100341543175,COSMOS
152,29159151470735,2998007448,Ufone,03320353796,894100341543175,COSMOS
153,29159151476318,2998007479,Ufone,03320355086,894100341543175,COSMOS
154,29159151495250,2998007412,Ufone,03320352432,894100341543175,COSMOS
155,29159151509819,2998007477,Ufone,03320354956,894100341543175,COSMOS
156,29159151509917,2998007392,Ufone,03320352166,894100341543175,COSMOS
157,29159151615622,2998007507,Ufone,03320355952,894100341543175,COSMOS
158,29159151616220,2998007476,Ufone,03320354632,894100341543175,COSMOS
159,29159151619535,2998007399,Ufone,03320352305,894100341543175,COSMOS
160,29159151631413,2998007415,Ufone,03320352460,894100341543175,COSMOS
161,29159151242310,2998007519,Ufone,03320356208,894100341543175,COSMOS
162,29159151245511,2998007391,Ufone,03320352162,894100341543175,COSMOS
163,29159151245770,2998007437,Ufone,03320353001,894100341543175,COSMOS
164,29159151248520,2998007394,Ufone,03320352192,894100341543175,COSMOS
165,29159151252239,2998007528,Ufone,03320356386,894100341543175,COSMOS
166,29159151259428,2998007461,Ufone,03320354457,894100341543175,COSMOS
167,29159151267601,2998007453,Ufone,03320354049,894100341543175,COSMOS
168,29159151284099,2998007396,Ufone,03320352286,894100341543175,COSMOS
169,29159151332795,2998007481,Ufone,03320355102,894100341543175,COSMOS
170,29159151332799,2998007469,Ufone,03320354717,894100341543175,COSMOS
171,29159151339150,2998007406,Ufone,03320352336,894100341543175,COSMOS
172,29159151353451,2998007492,Ufone,03320355370,894100341543175,COSMOS
173,29159151353735,2998007472,Ufone,03320354750,894100341543175,COSMOS
174,29159151359111,2998007488,Ufone,03320355337,894100341543175,COSMOS
175,29159150828900,2998007424,Ufone,03320352587,894100341543175,COSMOS
176,29159150828901,2998007455,Ufone,03320354159,894100341543175,COSMOS
177,29159150828903,2998007506,Ufone,03320355892,894100341543175,COSMOS
178,29159150828909,2998007482,Ufone,03320355190,894100341543175,COSMOS
179,29159150828910,2998007435,Ufone,03320352989,894100341543175,COSMOS
180,29159150828912,2998007512,Ufone,03320356116,894100341543175,COSMOS
181,29159150829604,2998007466,Ufone,03320354952,894100341543175,COSMOS
182,29159150829702,2998007459,Ufone,03320354273,894100341543175,COSMOS
183,29159150829703,2998007513,Ufone,03320356119,894100341543175,COSMOS
184,29159150829704,2998007501,Ufone,03320355654,894100341543175,COSMOS
185,29159150829711,2998007464,Ufone,03320354598,894100341543175,COSMOS
186,29159150829809,2998007497,Ufone,03320355622,894100341543175,COSMOS
187,29159150829814,2998007498,Ufone,03320355630,894100341543175,COSMOS
188,29159150829821,2998007425,Ufone,03320352588,894100341543175,COSMOS
189,29159150831408,2998007442,Ufone,03320353428,894100341543175,COSMOS
190,29159152411906,2998007484,Ufone,03320355231,894100341543175,COSMOS
191,29159152411910,2998007386,Ufone,03320348575,894100341543175,COSMOS
192,29159152418211,2998007471,Ufone,03320354730,894100341543175,COSMOS
193,29159152469619,2998007444,Ufone,03320353479,894100341543175,COSMOS
194,29159152498513,2998007485,Ufone,03320355235,894100341543175,COSMOS
195,29159152502416,2998007526,Ufone,03320356375,894100341543175,COSMOS
196,29159152614806,2998007496,Ufone,03320355491,894100341543175,COSMOS
197,29159152759916,2998007489,Ufone,03320355341,894100341543175,COSMOS
198,29159152767821,2998007495,Ufone,03320355481,894100341543175,COSMOS
199,29159152881016,2998007408,Ufone,03320352418,894100341543175,COSMOS
200,29159152962204,2998007388,Ufone,03320351517,894100341543175,COSMOS
201,29159152980800,2998007470,Ufone,03320354719,894100341543175,COSMOS
202,29159152980901,2998007490,Ufone,03320355343,894100341543175,COSMOS
203,29159152981008,2998007504,Ufone,03320355860,894100341543175,COSMOS
204,29159152981107,2998007503,Ufone,03320355760,894100341543175,COSMOS
205,29159152981109,2998007440,Ufone,03320353138,894100341543175,COSMOS
206,29159152989309,2998007515,Ufone,03320356139,894100341543175,COSMOS
207,29159152989850,2998007447,Ufone,03320353719,894100341543175,COSMOS
208,29159151875702,2998007436,Ufone,03320352995,894100341543175,COSMOS
209,29159151984310,2998007434,Ufone,03320352880,894100341543175,COSMOS
210,29159151984315,2998007529,Ufone,03320356388,894100341543175,COSMOS
211,29159152780930,2998007410,Ufone,03320352427,894100341543175,COSMOS
212,29159152781304,2998007423,Ufone,03320352580,894100341543175,COSMOS
213,29159152848809,2998007420,Ufone,03320352501,894100341543175,COSMOS
214,29159152852810,2998007446,Ufone,03320353678,894100341543175,COSMOS
215,29159152907403,2998007524,Ufone,03320356364,894100341543175,COSMOS
216,29159161711400,2998007303,Ufone,03313699569,894100341543175,COSMOS
217,29159161737800,2998007316,Ufone,03320300257,894100341543175,COSMOS
218,29159161027800,2998007284,Ufone,03313698725,894100341543175,COSMOS
219,29159161028402,2998007334,Ufone,03320314263,894100341543175,COSMOS
220,29159161028810,2998007290,Ufone,03313698831,894100341543175,COSMOS
221,29159161032804,2998007280,Ufone,03313698602,894100341543175,COSMOS
222,29159161033800,2998007332,Ufone,03320313042,894100341543175,COSMOS
223,29159161033902,2998007299,Ufone,03313699278,894100341543175,COSMOS
224,29159161073910,2998007298,Ufone,03313699227,894100341543175,COSMOS
225,29159161078927,2998007277,Ufone,03313698514,894100341543175,COSMOS
226,29159161078928,2998007286,Ufone,03313698759,894100341543175,COSMOS
227,29159161078935,2998007315,Ufone,03320030868,894100341543175,COSMOS
228,29159161177502,2998007301,Ufone,03313699496,894100341543175,COSMOS
229,29159161183806,2998007324,Ufone,03320306870,894100341543175,COSMOS
230,29159161245218,2998007331,Ufone,03320312549,894100341543175,COSMOS
231,29159161245222,2998007325,Ufone,03320307556,894100341543175,COSMOS
232,29159161245810,2998007278,Ufone,03313698582,894100341543175,COSMOS
233,29159161253513,2998007326,Ufone,03320308961,894100341543175,COSMOS
234,29159161275402,2998007355,Ufone,03320326579,894100341543175,COSMOS
235,29159161283103,2998007305,Ufone,03313699704,894100341543175,COSMOS
236,29159160935202,2998007345,Ufone,03320319569,894100341543175,COSMOS
237,29159160935610,2998007338,Ufone,03320317058,894100341543175,COSMOS
238,29159160962109,2998007314,Ufone,03320030755,894100341543175,COSMOS
239,29159161012405,2998007340,Ufone,03320317357,894100341543175,COSMOS
240,29159161012600,2998007287,Ufone,03313698762,894100341543175,COSMOS
241,29159161018201,2998007335,Ufone,03320315378,894100341543175,COSMOS
242,29159161033910,2998007319,Ufone,03320302496,894100341543175,COSMOS
243,29159161045310,2998007333,Ufone,03320313056,894100341543175,COSMOS
244,29159161045315,2998007352,Ufone,03320325195,894100341543175,COSMOS
245,29159161045316,2998007304,Ufone,03313699580,894100341543175,COSMOS
246,29159161045320,2998007288,Ufone,03313698780,894100341543175,COSMOS
247,29159161075907,2998007342,Ufone,03320317897,894100341543175,COSMOS
248,29159161077903,2998007306,Ufone,03313699721,894100341543175,COSMOS
249,29159161077904,2998007329,Ufone,03320310765,894100341543175,COSMOS
250,29159161077905,2998007308,Ufone,03313699738,894100341543175,COSMOS
251,29159161145205,2998007344,Ufone,03320319062,894100341543175,COSMOS
252,29159161145301,2998007327,Ufone,03320309385,894100341543175,COSMOS
253,29159161145404,2998007302,Ufone,03313699525,894100341543175,COSMOS
254,29159161184103,2998007282,Ufone,03313698637,894100341543175,COSMOS
255,29159161216800,2998007348,Ufone,03320319937,894100341543175,COSMOS
256,29159161395301,2998007279,Ufone,03313695523,894100341543175,COSMOS
257,29159161413502,2998007328,Ufone,03320310714,894100341543175,COSMOS
258,29159161419701,2998007281,Ufone,03313698616,894100341543175,COSMOS
259,29159161428901,2998007300,Ufone,03313699473,894100341543175,COSMOS
260,29159161462601,2998007293,Ufone,03313698979,894100341543175,COSMOS
261,29159161502102,2998007310,Ufone,03313699862,894100341543175,COSMOS
262,29159160611900,2998007296,Ufone,03313699161,894100341543175,COSMOS
263,29159160661201,2998007309,Ufone,03313699759,894100341543175,COSMOS
264,29159160679200,2998007276,Ufone,03313698431,894100341543175,COSMOS
265,29159160711400,2998007322,Ufone,03320303720,894100341543175,COSMOS
266,29159161382803,2998007336,Ufone,03320316129,894100341543175,COSMOS
267,29159160716400,2998007350,Ufone,03320320228,894100341543175,COSMOS
268,29159160718201,2998007294,Ufone,03313699077,894100341543175,COSMOS
269,29159161345901,2998007312,Ufone,03320030494,894100341543175,COSMOS
270,29159161346004,2998007313,Ufone,03320030727,894100341543175,COSMOS
271,29159161348703,2998007291,Ufone,03313698917,894100341543175,COSMOS
272,29159161349003,2998007323,Ufone,03320304328,894100341543175,COSMOS
273,29159161382802,2998007330,Ufone,03320312496,894100341543175,COSMOS
274,29159161383001,2998007339,Ufone,03320317124,894100341543175,COSMOS
275,29159161611600,2998007341,Ufone,03320317451,894100341543175,COSMOS
276,29159111427615,2998007076,Ufone,03313688369,894100341543175,COSMOS
277,29159111427621,2998007117,Ufone,03313689838,894100341543175,COSMOS
278,29159111427623,2998007382,Ufone,03320347035,894100341543175,COSMOS
279,29159111427624,2998007133,Ufone,03313690423,894100341543175,COSMOS
280,29159111723805,2998007134,Ufone,03313690429,894100341543175,COSMOS
281,29159111844100,2998007130,Ufone,03313690348,894100341543175,COSMOS
282,29159110630800,2998007128,Ufone,03313690293,894100341543175,COSMOS
283,29159120874822,2998007577,Ufone,03320357591,894100341543175,COSMOS
284,29159120879815,2998007553,Ufone,03320356950,894100341543175,COSMOS
285,29159120884308,2998007562,Ufone,03320357139,894100341543175,COSMOS
286,29159120892125,2998007583,Ufone,03320357713,894100341543175,COSMOS
287,29159120967120,2998007545,Ufone,03320356899,894100341543175,COSMOS
288,29159120967122,2998007546,Ufone,03320356901,894100341543175,COSMOS
289,29159120968314,2998007574,Ufone,03320357423,894100341543175,COSMOS
290,29159120971916,2998007542,Ufone,03320356837,894100341543175,COSMOS
291,29159120971957,2998007530,Ufone,03320356414,894100341543175,COSMOS
292,29159120979105,2998007537,Ufone,03320356766,894100341543175,COSMOS
293,29159120979106,2998007532,Ufone,03320356559,894100341543175,COSMOS
294,29159120979115,2998007585,Ufone,03320357803,894100341543175,COSMOS
295,29159120981820,2998007567,Ufone,03320357203,894100341543175,COSMOS
296,29159120986926,2998007550,Ufone,03320356915,894100341543175,COSMOS
297,29159120986935,2998007565,Ufone,03320357186,894100341543175,COSMOS
298,29159120776625,2998007539,Ufone,03320356794,894100341543175,COSMOS
299,29159120834712,2998007543,Ufone,03320356848,894100341543175,COSMOS
300,29159121099805,2998007534,Ufone,03320356678,894100341543175,COSMOS
301,29159121155442,2998007582,Ufone,03320357703,894100341543175,COSMOS
302,29159121155445,2998007588,Ufone,03320357831,894100341543175,COSMOS
303,29159121193830,2998007536,Ufone,03320356757,894100341543175,COSMOS
304,29159121216904,2998007581,Ufone,03320357694,894100341543175,COSMOS
305,29159121217030,2998007572,Ufone,03320357395,894100341543175,COSMOS
306,29159121217103,2998007584,Ufone,03320357726,894100341543175,COSMOS
307,29159121005502,2998007552,Ufone,03320356927,894100341543175,COSMOS
308,29159121277530,2998007568,Ufone,03320357246,894100341543175,COSMOS
309,29159121416017,2998007555,Ufone,03320356960,894100341543175,COSMOS
310,29159121416083,2998007541,Ufone,03320356819,894100341543175,COSMOS
311,29159121270206,2998007548,Ufone,03320356907,894100341543175,COSMOS
312,29159121270235,2998007561,Ufone,03320357137,894100341543175,COSMOS
313,29159121278301,2998007556,Ufone,03320357082,894100341543175,COSMOS
314,29159121278305,2998007580,Ufone,03320357670,894100341543175,COSMOS
315,29159331724705,3798007657,Ufone,03313577847,8941003415431756715,COSMOS
316,29159331745502,3798007665,Ufone,03313577591,8941003415431756705,COSMOS
317,29159331785800,3798007672,Ufone,03313577183,8941003415431756698,COSMOS
318,29159331785805,3798007502,Ufone,03313577562,8941003415431756704,COSMOS
319,29159331794405,3798007622,Ufone,03313576423,8941003415431756680,COSMOS
320,29159331798311,3798007475,Ufone,03313576482,8941003415431756684,COSMOS
321,29159331799000,3798007653,Ufone,03313577182,8941003415431756697,COSMOS
322,29159331800005,3798007654,Ufone,03313576367,8941003415431756677,COSMOS
323,29159330562106,3798007673,Ufone,03313521606,8941003415431756133,COSMOS
324,29159330582900,3798007648,Ufone,03313521602,8941003415431756130,COSMOS
325,29159330596100,3798007585,Zong,03104393346,899204240318026166,COSMOS
326,29159341168404,3798007551,Ufone,03313549630,8941003415431756402,COSMOS
327,29159341395002,3798007533,Ufone,03313514862,8941003415431756039,COSMOS
328,29159340465303,3798007508,Ufone,03340300264,8941003415431755789,COSMOS
329,29159340459104,3798007580,Ufone,03340300242,8941003415431755786,COSMOS
330,29159340524402,3798007573,Ufone,03340300263,8941003415431755788,COSMOS
331,29159340525802,3798007549,Ufone,03340300243,8941003415431755787,COSMOS
332,29159340780101,3798007554,Ufone,03340300268,8941003415431755792,COSMOS
333,29159340797901,3798007557,Ufone,03340300267,8941003415431755791,COSMOS
334,29159340830303,3798007578,Ufone,03340300265,8941003415431755790,COSMOS
335,29159341298506,3798007570,Ufone,03340039335,8941003415431755720,COSMOS
336,29159341298510,3798007579,Ufone,03340039811,8941003415431755767,COSMOS
337,29159341336202,3798007486,Ufone,03313549565,8941003415431756399,COSMOS
338,29159311535550,3798007623,Ufone,03340039135,8941003415431755687,COSMOS
339,29159311535820,3798007513,Ufone,03340039124,8941003415431755686,COSMOS
340,29159311552310,3798007507,Ufone,03340039198,8941003415431755703,COSMOS
341,29159311552700,3798007482,Ufone,03340039199,8941003415431755704,COSMOS
342,29159311835436,3798007651,Ufone,03313550425,8941003415431756418,COSMOS
343,29159311846111,3798007602,Ufone,03313552640,8941003415431756466,COSMOS
344,29159311846200,3798007477,Ufone,03313552573,8941003415431756464,COSMOS
345,29159311846330,3798007517,Ufone,03313550480,8941003415431756419,COSMOS
346,29159311846476,3798007564,Ufone,03313551969,8941003415431756460,COSMOS
347,29159311877625,3798007480,Ufone,03313551962,8941003415431756459,COSMOS
348,29159311885455,3798007630,Ufone,03313550486,8941003415431756420,COSMOS
349,29159311919950,3798007676,Ufone,03313551737,8941003415431756458,COSMOS
350,29159311953920,3798007659,Ufone,03313550388,8941003415431756417,COSMOS
351,29159311713111,3798007652,Ufone,03313550297,8941003415431756416,COSMOS
352,29159311303605,3798007562,Ufone,03313515690,8941003415431756047,COSMOS
353,29159311328741,3798007524,Ufone,03313515416,8941003415431756046,COSMOS
354,29159311328760,3798007582,Ufone,03313514934,8941003415431756040,COSMOS
355,29159321398502,3798007600,Ufone,03313565504,8941003415431756551,COSMOS
356,29159321443502,3798007661,Ufone,03313562589,8941003415431756525,COSMOS
357,29159321443505,3798007494,Ufone,03313562592,8941003415431756526,COSMOS
358,29159321597305,3798007536,Ufone,03340039498,8941003415431755741,COSMOS
359,29159321597306,3798007496,Ufone,03340039796,8941003415431755766,COSMOS
360,29159321616807,3798007619,Ufone,03313565768,8941003415431756554,COSMOS
361,29159321645114,3798007637,Ufone,03340039763,8941003415431755762,COSMOS
362,29159321651113,3798007505,Ufone,03313565564,8941003415431756552,COSMOS
363,29159321651115,3798007506,Ufone,03340039447,8941003415431755733,COSMOS
364,29159321651117,3798007649,Ufone,03340039448,8941003415431755734,COSMOS
365,29159320503705,3798007559,Ufone,03313522503,8941003415431756147,COSMOS
366,29159320533002,3798007576,Ufone,03313566860,8941003415431756567,COSMOS
367,29159320533003,3798007538,Ufone,03313566378,8941003415431756560,COSMOS
368,29159320997004,3798007520,Ufone,03313562068,8941003415431756523,COSMOS
369,29159321041305,3798007522,Ufone,03313566769,8941003415431756564,COSMOS
370,29159321041502,3798007611,Ufone,03313566975,8941003415431756569,COSMOS
371,29159321044104,3798007620,Ufone,03313567059,8941003415431756570,COSMOS
372,29159320946901,3798007527,Ufone,03313546587,8941003415431756373,COSMOS
373,29159321270608,3798007523,Ufone,03313566298,8941003415431756558,COSMOS
374,29159321272303,3798007610,Ufone,03313549059,8941003415431756390,COSMOS
375,29159321272910,3798007601,Ufone,03313549104,8941003415431756392,COSMOS
376,29159321273801,3798007572,Ufone,03313549210,8941003415431756393,COSMOS
377,29159321273802,3798007671,Ufone,03313549220,8941003415431756394,COSMOS
378,29159321274005,3798007498,Ufone,03313546759,8941003415431756374,COSMOS
379,29159321284602,3798007543,Ufone,03313549089,8941003415431756391,COSMOS
380,29159321288401,3798007607,Ufone,03313549320,8941003415431756395,COSMOS
381,29159321288402,3798007599,Ufone,03313549332,8941003415431756396,COSMOS
382,29159321314608,3798007550,Ufone,03313549418,8941003415431756397,COSMOS
383,29159321316520,3798007539,Ufone,03313566377,8941003415431756559,COSMOS
384,29159321336405,3798007591,Ufone,03313566280,8941003415431756557,COSMOS
385,29159321359205,3798007492,Ufone,03313566962,8941003415431756568,COSMOS
386,29159321619806,3798007631,Ufone,03313581960,8941003415431756802,COSMOS
387,29159321641503,3798007511,Ufone,03313521798,8941003415431756140,COSMOS
388,29159320501105,3798007666,Ufone,03313549732,8941003415431756408,COSMOS
389,29159320501200,3798007481,Ufone,03313549883,8941003415431756409,COSMOS
390,29159320621806,3798007532,Ufone,03313521596,8941003415431756129,COSMOS
391,29159320625866,3798007530,Ufone,03313521672,8941003415431756136,COSMOS
392,29159320675704,3798007633,Ufone,03313521605,8941003415431756132,COSMOS
393,29159320676020,3798007555,Ufone,03313522071,8941003415431756143,COSMOS
394,29159320699005,3798007624,Ufone,03313549976,8941003415431756410,COSMOS
395,29159320711707,3798007608,Ufone,03313549574,8941003415431756400,COSMOS
396,29159320752312,3798007497,Ufone,03313549699,8941003415431756404,COSMOS
397,29159320752315,3798007558,Ufone,03313549707,8941003415431756405,COSMOS
398,29159320752318,3798007658,Ufone,03313549722,8941003415431756407,COSMOS
399,29159320752320,3798007625,Ufone,03313550528,8941003415431756421,COSMOS
400,29159320755605,3798007561,Ufone,03340039336,8941003415431755721,COSMOS
401,29159320767205,3798007629,Ufone,03340039345,8941003415431755722,COSMOS
402,29159320823504,3798007501,Ufone,03340039815,8941003415431755769,COSMOS
403,29159320830805,3798007518,Ufone,03340039527,8941003415431755746,COSMOS
404,29159320830810,3798007521,Ufone,03340039419,8941003415431755727,COSMOS
405,29159320830815,3798007500,Ufone,03340039350,8941003415431755724,COSMOS
406,29159320593302,3798007474,Ufone,03313549564,8941003415431756398,COSMOS
407,29159321539102,3798007615,Ufone,03340039153,8941003415431755692,COSMOS
408,29159321623306,3798007553,Ufone,03313521957,8941003415431756141,COSMOS
409,29159321623311,3798007609,Ufone,03313522130,8941003415431756144,COSMOS
410,29159321634502,3798007613,Ufone,03313522571,8941003415431756149,COSMOS
411,29159321641171,3798007596,Ufone,03313521779,8941003415431756138,COSMOS
412,29159321669902,3798007603,Ufone,03313521795,8941003415431756139,COSMOS
413,29159320363905,3798007516,Ufone,03313521977,8941003415431756142,COSMOS
414,29159320364013,3798007632,Ufone,03340039152,8941003415431755691,COSMOS
415,29159320364014,3798007504,Ufone,03340039143,8941003415431755689,COSMOS
416,29159320838651,3798007509,Ufone,03313522487,8941003415431756146,COSMOS
417,29159320842206,3798007660,Ufone,03313547164,8941003415431756380,COSMOS
418,29159320869103,3798007488,Ufone,03313546884,8941003415431756378,COSMOS
419,29159320869803,3798007528,Ufone,03313547041,8941003415431756379,COSMOS
420,29159320870101,3798007640,Ufone,03313546821,8941003415431756376,COSMOS
421,29159320870400,3798007545,Ufone,03313546876,8941003415431756377,COSMOS
422,29159320946505,3798007581,Ufone,03313546804,8941003415431756375,COSMOS
423,29159320981145,3798007546,Ufone,03313513789,8941003415431756025,COSMOS
424,29159320981203,3798007487,Ufone,03313516864,8941003415431756058,COSMOS
425,29159320995401,3798007627,Ufone,03313515282,8941003415431756044,COSMOS
426,29159321041503,3798007638,Ufone,03313566473,8941003415431756562,COSMOS
427,29159321422907,3798007493,Ufone,03313563147,8941003415431756531,COSMOS
428,29159321471159,3798007544,Ufone,03313562974,8941003415431756530,COSMOS
429,29159321471167,3798007641,Ufone,03313562890,8941003415431756529,COSMOS
430,29159321485106,3798007634,Ufone,03313565495,8941003415431756550,COSMOS
431,29159321561808,3798007642,Ufone,03313563163,8941003415431756532,COSMOS
432,29159321562801,3798007669,Ufone,03313563194,8941003415431756533,COSMOS
433,29159321575407,3798007616,Ufone,03313562575,8941003415431756524,COSMOS
434,29159321161207,3798007483,Ufone,03313548992,8941003415431756387,COSMOS
435,29159321182502,3798007662,Ufone,03313549042,8941003415431756388,COSMOS
436,29159321183408,3798007618,Ufone,03313547366,8941003415431756382,COSMOS
437,29159321183409,3798007604,Ufone,03313547288,8941003415431756381,COSMOS
438,29159321221401,3798007655,Ufone,03313547433,8941003415431756384,COSMOS
439,29159321221602,3798007605,Ufone,03313547613,8941003415431756386,COSMOS
440,29159321221605,3798007636,Ufone,03313547558,8941003415431756385,COSMOS
441,29159321223801,3798007643,Ufone,03313549048,8941003415431756389,COSMOS
442,29159350091005,3798007503,Ufone,03340039504,8941003415431755742,COSMOS
443,29159350181804,3798007484,Ufone,03313511659,8941003415431755996,COSMOS
444,29159350194608,3798007574,Ufone,03313511287,8941003415431755987,COSMOS
445,29159350209903,3798007650,Ufone,03340038991,8941003415431755676,COSMOS
446,29159350268404,3798007519,Ufone,03313511322,8941003415431755989,COSMOS
447,29159350288808,3798007512,Ufone,03313511289,8941003415431755988,COSMOS
448,29159350291100,3798007541,Ufone,03313511361,8941003415431755991,COSMOS
449,29159350291200,3798007597,Ufone,03313511349,8941003415431755990,COSMOS
450,29159350299003,3798007584,Ufone,03313511479,8941003415431755994,COSMOS
451,29159350299004,3798007525,Ufone,03313511576,8941003415431755995,COSMOS
452,29159350299308,3798007540,Ufone,03313511409,8941003415431755992,COSMOS
453,29159350430004,3798007568,Jazz,03058939289,899220004015423782,COSMOS
454,29159350015402,3798007677,Ufone,03340039429,8941003415431755731,COSMOS
455,29159350015705,3798007479,Ufone,03340039644,8941003415431755754,COSMOS
456,29159350015800,3798007535,Ufone,03340304968,8941003415431755887,COSMOS
457,29159350034105,3798007534,Ufone,03340039658,8941003415431755756,COSMOS
458,29159350034106,3798007552,Ufone,03340039618,8941003415431755752,COSMOS
459,29159350034302,3798007556,Ufone,03340039446,8941003415431755732,COSMOS
460,29159350066002,3798007567,Ufone,03340039518,8941003415431755745,COSMOS
461,29159350066708,3798007577,Ufone,03340304988,8941003415431755889,COSMOS
462,29159350067405,3798007595,Ufone,03340039361,8941003415431755725,COSMOS
463,29159350091004,3798007590,Ufone,03340039705,8941003415431755757,COSMOS
464,29159350940306,3798007566,Ufone,03313521421,8941003415431756127,COSMOS
465,29159350940307,3798007548,Ufone,03313521527,8941003415431756128,COSMOS
466,29159350940308,3798007675,Ufone,03313521627,8941003415431756135,COSMOS
467,29159350940310,3798007542,Ufone,03313521368,8941003415431756126,COSMOS
468,29159350005810,3798007515,Ufone,03340038988,8941003415431755674,COSMOS
469,29159350010703,3798007563,Ufone,03340038990,8941003415431755675,COSMOS
470,29159350010705,3798007526,Ufone,03340038981,8941003415431755673,COSMOS
471,29159350181803,3798007588,Zong,03104393344,899204240318026167,COSMOS
472,29159350210305,3798007598,Jazz,03058939322,899220004015423783,COSMOS
473,29159350363802,3798007674,Ufone,03340039026,8941003415431755678,COSMOS
474,29159350363907,3798007656,Ufone,03340039037,8941003415431755679,COSMOS
475,29159350410805,3798007606,Ufone,03340305121,8941003415431755907,COSMOS
476,29159350431800,3798007614,Jazz,03058939036,899220004015423781,COSMOS
477,29159350432504,3798007612,Ufone,03340305119,8941003415431755906,COSMOS
478,29159350455905,3798007491,Ufone,03340039038,8941003415431755680,COSMOS
479,29159350455910,3798007586,Ufone,03340304969,8941003415431755888,COSMOS
480,29159350940309,3798007589,Ufone,03313521621,8941003415431756134,COSMOS
481,29151740056010,2998006984,Ufone,03313681695,894100341543175,COSMOS
482,29151740070906,2998007011,Ufone,03320354255,894100341543175,COSMOS
483,29151740140123,2998007057,Ufone,03313686047,894100341543175,COSMOS
484,29151740140211,2998006974,Ufone,03313678782,894100341543175,COSMOS
485,29151740140215,2998007063,Ufone,03313686490,894100341543175,COSMOS
486,29151740194610,2998007002,Ufone,03313682775,894100341543175,COSMOS
487,29151740198044,2998006932,Ufone,03313675631,894100341543175,COSMOS
488,29151740200480,2998006939,Ufone,03313676324,894100341543175,COSMOS
489,29151740200486,2998007110,Ufone,03313689748,894100341543175,COSMOS
490,29151740201108,2998007079,Ufone,03313688441,894100341543175,COSMOS
491,29151740201115,2998007003,Ufone,03313682841,894100341543175,COSMOS
492,29151740202401,2998007108,Ufone,03313689738,894100341543175,COSMOS
493,29151740202406,2998007036,Ufone,03313684763,894100341543175,COSMOS
494,29151740202435,2998006961,Ufone,03313678454,894100341543175,COSMOS
495,29151740202440,2998006832,Ufone,03313670553,894100341543175,COSMOS
496,29151740202460,2998007371,Ufone,03320336273,894100341543175,COSMOS
497,29151740202488,2998007124,Ufone,03313690193,894100341543175,COSMOS
498,29151740202490,2998007013,Ufone,03313683402,894100341543175,COSMOS
499,29151740438335,2998006994,Ufone,03313682070,894100341543175,COSMOS
500,29151740450007,2998007068,Ufone,03313686832,894100341543175,COSMOS
501,29151740462915,2998007018,Ufone,03313684099,894100341543175,COSMOS
502,29151740465004,2998006976,Ufone,03313678845,894100341543175,COSMOS
503,29151740484403,2998007004,Ufone,03313682894,894100341543175,COSMOS
504,29151740490222,2998007071,Ufone,03313686894,894100341543175,COSMOS
505,29151740491192,2998006952,Ufone,03313678096,894100341543175,COSMOS
506,29151740491199,2998007081,Ufone,03313688520,894100341543175,COSMOS
507,29151740500209,2998007114,Ufone,03313689809,894100341543175,COSMOS
508,29151745248605,2998006850,Ufone,03313671321,894100341543175,COSMOS
509,29151745353710,2998006900,Ufone,03313673727,894100341543175,COSMOS
510,29151747206604,2998007073,Ufone,03313688317,894100341543175,COSMOS
511,29151740056004,2998007059,Ufone,03313686208,894100341543175,COSMOS
512,29151740112120,2998006996,Ufone,03313682204,894100341543175,COSMOS
513,29151740834705,2998007044,Ufone,03313684996,894100341543175,COSMOS
514,29151741120115,2998006963,Ufone,03313678477,894100341543175,COSMOS
515,29151741120712,2998006975,Ufone,03313678806,894100341543175,COSMOS
516,29151741124802,2998007051,Ufone,03313685251,894100341543175,COSMOS
517,29151741158710,2998007072,Ufone,03313688245,894100341543175,COSMOS
518,29151741158714,2998006822,Ufone,03313670147,894100341543175,COSMOS
519,29151741158715,2998007075,Ufone,03313688359,894100341543175,COSMOS
520,29151740055336,2998007053,Ufone,03313685519,894100341543175,COSMOS
521,29151740055343,2998007017,Ufone,03313683998,894100341543175,COSMOS
522,29151740055350,2998007112,Ufone,03313689785,894100341543175,COSMOS
523,29151740056011,2998006803,Ufone,03313669114,894100341543175,COSMOS
524,29151740062711,2998006953,Ufone,03313678168,894100341543175,COSMOS
525,29151740068931,2998007024,Ufone,03313684284,894100341543175,COSMOS
526,29151740068932,2998007122,Ufone,03313690058,894100341543175,COSMOS
527,29151740070655,2998007054,Ufone,03313685633,894100341543175,COSMOS
528,29151740070657,2998006954,Ufone,03313678219,894100341543175,COSMOS
529,29151740116510,2998007025,Ufone,03313684375,894100341543175,COSMOS
530,29151740135705,2998007033,Ufone,03313684702,894100341543175,COSMOS
531,29151740202483,2998007077,Ufone,03313688394,894100341543175,COSMOS
532,29151740890204,3798007397,Ufone,03313517006,8941003415431756061,COSMOS
533,29151740890908,3798007234,Ufone,03313513940,8941003415431756028,COSMOS
534,29151740891896,3798007448,Ufone,03313517527,899220004015423795,COSMOS
535,29151740891931,3798006980,Ufone,03313514190,8941003415431756030,COSMOS
536,29151740891995,3798007028,Ufone,03313516968,8941003415431756059,COSMOS
537,29151740899902,3798007138,Ufone,03313517059,8941003415431756062,COSMOS
538,29151740916004,3798007130,Ufone,03340304889,8941003415431755872,COSMOS
539,29151740916006,3798007149,Ufone,03340304895,8941003415431755873,COSMOS
540,29151740918908,3798007027,Ufone,03340304920,8941003415431755881,COSMOS
541,29151740922318,3798007140,Ufone,03340304911,8941003415431755875,COSMOS
542,29151740924602,3798006986,Ufone,03313516229,8941003415431756053,COSMOS
543,29151740924615,3798007182,Ufone,03313514236,8941003415431756031,COSMOS
544,29151740927803,3798007129,Ufone,03313516097,8941003415431756052,COSMOS
545,29151740927823,3798007011,Ufone,03313516421,8941003415431756056,COSMOS
546,29151740927824,3798007470,Ufone,03340304906,8941003415431755874,COSMOS
547,29151740927839,3798007070,Ufone,03313516830,8941003415431756057,COSMOS
548,29151740927864,3798007289,Ufone,03313515346,8941003415431756045,COSMOS
549,29151740928066,3798007045,Ufone,03313515077,8941003415431756041,COSMOS
550,29151740928163,3798007350,Ufone,03340305022,8941003415431755896,COSMOS
551,29151740929008,3798007114,Ufone,03340304919,8941003415431755880,COSMOS
552,29151740934730,3798006936,Ufone,03340304997,8941003415431755894,COSMOS
553,29151740937129,3798007223,Ufone,03340300203,8941003415431755784,COSMOS
554,29151740937420,3798007089,Ufone,03340300197,8941003415431755783,COSMOS
555,29151741120701,2998007103,Ufone,03313689634,894100341543175,COSMOS
556,29151744208805,2998007060,Ufone,03313686379,894100341543175,COSMOS
557,29151744232810,2998007102,Ufone,03313689581,894100341543175,COSMOS
558,29151740140130,2998006883,Ufone,03313673013,894100341543175,COSMOS
559,29151740193903,2998006991,Ufone,03313681962,894100341543175,COSMOS
560,29151740199913,2998007078,Ufone,03313688425,894100341543175,COSMOS
561,29151740201105,2998007031,Ufone,03313684621,894100341543175,COSMOS
562,29151740201305,2998006903,Ufone,03313673886,894100341543175,COSMOS
563,29151740207113,2998007083,Ufone,03313688558,894100341543175,COSMOS
564,29151740055345,2998007070,Ufone,03313686889,894100341543175,COSMOS
565,29151740055346,2998006921,Ufone,03313675051,894100341543175,COSMOS
566,29151740055360,2998007021,Ufone,03313684235,894100341543175,COSMOS
567,29151740062005,2998006985,Ufone,03313681702,894100341543175,COSMOS
568,29151740064810,2998007096,Ufone,03313689363,894100341543175,COSMOS
569,29151740068928,2998007055,Ufone,03313685715,894100341543175,COSMOS
570,29151740070662,2998006947,Ufone,03313677991,894100341543175,COSMOS
571,29151740116505,2998006830,Ufone,03313670529,894100341543175,COSMOS
572,29151740132750,2998006982,Ufone,03313679058,894100341543175,COSMOS
573,29151740132760,2998006896,Ufone,03313673489,894100341543175,COSMOS
574,29151740135725,2998006821,Ufone,03313670144,894100341543175,COSMOS
575,29151740135729,2998007358,Ufone,03320327152,894100341543175,COSMOS
576,29151740185015,2998006997,Ufone,03313682552,894100341543175,COSMOS
577,29151740185504,2998007091,Ufone,03313689042,894100341543175,COSMOS
578,29151740189010,2998007080,Ufone,03313688458,894100341543175,COSMOS
579,29151740189015,2998007092,Ufone,03313689052,894100341543175,COSMOS
580,29151744437105,2998007019,Ufone,03313684104,894100341543175,COSMOS
581,29151740202443,2998007020,Ufone,03313684117,894100341543175,COSMOS
582,29151740274305,2998006849,Ufone,03313671298,894100341543175,COSMOS
583,29151740289900,2998006978,Ufone,03313678862,894100341543175,COSMOS
584,29151740314601,2998006986,Ufone,03313681716,894100341543175,COSMOS
585,29151740410208,2998006962,Ufone,03313678475,894100341543175,COSMOS
586,29151740421903,2998006816,Ufone,03313669781,894100341543175,COSMOS
587,29151740429503,2998007062,Ufone,03313686481,894100341543175,COSMOS
588,29151740068934,2998006995,Ufone,03313682084,894100341543175,COSMOS
589,29151740070668,2998006990,Ufone,03313681941,894100341543175,COSMOS
590,29151740073604,2998007118,Ufone,03313689844,894100341543175,COSMOS
591,29151740073666,2998006914,Ufone,03313674602,894100341543175,COSMOS
592,29151740093606,2998006992,Ufone,03313682021,894100341543175,COSMOS
593,29151740093612,2998007082,Ufone,03313688537,894100341543175,COSMOS
594,29151740093615,2998006960,Ufone,03313678429,894100341543175,COSMOS
595,29151740106028,2998007008,Ufone,03313683085,894100341543175,COSMOS
596,29151740115522,2998006818,Ufone,03313670063,894100341543175,COSMOS
597,29151740189006,2998007087,Ufone,03313688750,894100341543175,COSMOS
598,29151740201110,2998006875,Ufone,03313672684,894100341543175,COSMOS
599,29151740457802,2998007120,Ufone,03313689934,894100341543175,COSMOS
600,29151740461111,2998007093,Ufone,03313689086,894100341543175,COSMOS
601,29151740461124,2998006977,Ufone,03313678857,894100341543175,COSMOS
602,29151740461135,2998006993,Ufone,03313682064,894100341543175,COSMOS
603,29151740524205,2998006933,Ufone,03313675698,894100341543175,COSMOS
604,29151740576810,2998007067,Ufone,03313686810,894100341543175,COSMOS
605,29151740576814,2998006956,Ufone,03313678280,894100341543175,COSMOS
606,29151740576818,2998006854,Ufone,03313671457,894100341543175,COSMOS
607,29151740581001,2998006931,Ufone,03313675611,894100341543175,COSMOS
608,29151740330506,2998006983,Ufone,03313679907,894100341543175,COSMOS
609,29151740347106,2998006969,Ufone,03313678584,894100341543175,COSMOS
610,29151740347109,2998007061,Ufone,03313686413,894100341543175,COSMOS
611,29151740348303,2998006882,Ufone,03313672989,894100341543175,COSMOS
612,29151740348608,2998007107,Ufone,03313689723,894100341543175,COSMOS
613,29151740429705,2998006823,Ufone,03313670161,894100341543175,COSMOS
614,29151740511114,2998006940,Ufone,03313676395,894100341543175,COSMOS
615,29151740927717,3798007321,Ufone,03340305003,8941003415431755895,COSMOS
616,29151740927732,3798007235,Ufone,03340304915,8941003415431755878,COSMOS
617,29151740932704,3798007086,Ufone,03340300239,8941003415431755785,COSMOS
618,29151740935771,3798007349,Ufone,03340304966,8941003415431755886,COSMOS
619,29151380707220,2998007012,Ufone,03313683272,894100341543175,COSMOS
620,29151380966215,2998007109,Ufone,03313689740,894100341543175,COSMOS
621,29151381110312,2998006866,Ufone,03313672164,894100341543175,COSMOS
622,29151380776604,2998006846,Ufone,03313671093,894100341543175,COSMOS
623,29151380781313,2998006874,Ufone,03313672645,894100341543175,COSMOS
624,29151380581603,2998006833,Ufone,03313670607,894100341543175,COSMOS
625,29151380583634,2998006859,Ufone,03313671829,894100341543175,COSMOS
626,29151381072536,2998006897,Ufone,03313673590,894100341543175,COSMOS
627,29151381101508,2998006886,Ufone,03313673061,894100341543175,COSMOS
628,29151381102002,2998007105,Ufone,03313689691,894100341543175,COSMOS
629,29151381102017,2998006804,Ufone,03313669116,894100341543175,COSMOS
630,29151381102018,2998006910,Ufone,03313674356,894100341543175,COSMOS
631,29151381103402,2998006801,Ufone,03313668928,894100341543175,COSMOS
632,29151381103434,2998006861,Ufone,03313671844,894100341543175,COSMOS
633,29151381106200,2998006973,Ufone,03313678743,894100341543175,COSMOS
634,29151381115600,2998006898,Ufone,03313673641,894100341543175,COSMOS
635,29151381115739,2998006815,Ufone,03313669693,894100341543175,COSMOS
636,29151381122609,2998006876,Ufone,03313672824,894100341543175,COSMOS
637,29151381122614,2998006867,Ufone,03313672237,894100341543175,COSMOS
638,29151381122705,2998007030,Ufone,03313684590,894100341543175,COSMOS
639,29151381147099,2998007027,Ufone,03313684456,894100341543175,COSMOS
640,29151381150710,2998006911,Ufone,03313669381,894100341543175,COSMOS
641,29151381159200,2998006837,Ufone,03313670828,894100341543175,COSMOS
642,29151381163901,2998007098,Ufone,03313689395,894100341543175,COSMOS
643,29151381163902,2998006890,Ufone,03313673352,894100341543175,COSMOS
644,29151381178109,2998006945,Ufone,03313677925,894100341543175,COSMOS
645,29151381178816,2998007095,Ufone,03313689216,894100341543175,COSMOS
646,29151381179205,2998006944,Ufone,03313677882,894100341543175,COSMOS
647,29151381186100,2998006965,Ufone,03313678523,894100341543175,COSMOS
648,29151381219602,2998006880,Ufone,03313672890,894100341543175,COSMOS
649,29151381224505,2998006938,Ufone,03313676184,894100341543175,COSMOS
650,29151381231610,2998006964,Ufone,03313678514,894100341543175,COSMOS
651,29151380276600,2998006968,Ufone,03313678573,894100341543175,COSMOS
652,29151380526300,2998007058,Ufone,03313686117,894100341543175,COSMOS
653,29151380581602,2998006972,Ufone,03313678652,894100341543175,COSMOS
654,29151380555500,2998006913,Ufone,03313674488,894100341543175,COSMOS
655,29151380581601,2998006829,Ufone,03313670495,894100341543175,COSMOS
656,29151380589181,2998006892,Ufone,03313673378,894100341543175,COSMOS
657,29151380603455,2998006868,Ufone,03313672252,894100341543175,COSMOS
658,29151380605904,2998006936,Ufone,03313676064,894100341543175,COSMOS
659,29151380606137,2998007104,Ufone,03313689673,894100341543175,COSMOS
660,29151380621500,2998007032,Ufone,03313684653,894100341543175,COSMOS
661,29151380621536,2998006916,Ufone,03313674759,894100341543175,COSMOS
662,29151380642301,2998006848,Ufone,03313671293,894100341543175,COSMOS
663,29151380642906,2998006863,Ufone,03313672038,894100341543175,COSMOS
664,29151380642910,2998007007,Ufone,03313684765,894100341543175,COSMOS
665,29151380643400,2998006889,Ufone,03313673314,894100341543175,COSMOS
666,29151380643425,2998006869,Ufone,03313672352,894100341543175,COSMOS
667,29151380648563,2998007047,Ufone,03313685160,894100341543175,COSMOS
668,29151380650000,2998006979,Ufone,03313678937,894100341543175,COSMOS
669,29151380675020,2998006825,Ufone,03313670281,894100341543175,COSMOS
670,29151380675039,2998007065,Ufone,03313686727,894100341543175,COSMOS
671,29151380675040,2998006967,Ufone,03313678533,894100341543175,COSMOS
672,29151380677500,2998007023,Ufone,03313684282,894100341543175,COSMOS
673,29151380677504,2998006917,Ufone,03313674814,894100341543175,COSMOS
674,29151380694129,2998007045,Ufone,03313685058,894100341543175,COSMOS
675,29151380696210,2998006838,Ufone,03313670860,894100341543175,COSMOS
676,29151380698305,2998006806,Ufone,03313669226,894100341543175,COSMOS
677,29151380707322,2998007037,Ufone,03313683079,894100341543175,COSMOS
678,29151380727900,2998007074,Ufone,03313688338,894100341543175,COSMOS
679,29151380776400,2998006927,Ufone,03313675368,894100341543175,COSMOS
680,29151381087488,2998007046,Ufone,03313685062,894100341543175,COSMOS
681,29151332836300,2998007113,Ufone,03313689788,894100341543175,COSMOS
682,29151322613000,2998006946,Ufone,03313677941,894100341543175,COSMOS
683,29151322555003,2998006865,Ufone,03313672158,894100341543175,COSMOS
684,29151322565000,2998006881,Ufone,03313672939,894100341543175,COSMOS
685,29151322574300,2998006923,Ufone,03313675176,894100341543175,COSMOS
686,29151322584301,2998007121,Ufone,03313690054,894100341543175,COSMOS
687,29151322588278,2998006926,Ufone,03313675289,894100341543175,COSMOS
688,29151322596600,2998006966,Ufone,03313678532,894100341543175,COSMOS
689,29151322612832,2998006819,Ufone,03313670124,894100341543175,COSMOS
690,29151322617003,2998007123,Ufone,03313690107,894100341543175,COSMOS
691,29151322617600,2998007005,Ufone,03313682973,894100341543175,COSMOS
692,29151322568100,2998006885,Ufone,03313673060,894100341543175,COSMOS
693,29151111300200,2998006820,Ufone,03313670136,894100341543175,COSMOS
694,29151111482301,2998007029,Ufone,03313684581,894100341543175,COSMOS
695,29151111485800,2998007035,Ufone,03313684752,894100341543175,COSMOS
696,29151111491716,2998006839,Jazz,03015605957,8992200040154514958,COSMOS
697,29151930640705,3798007238,Ufone,03313523438,8941003415431756166,COSMOS
698,29151930641219,3798006973,Ufone,03313523556,8941003415431756167,COSMOS
699,29151930672705,3798006987,Ufone,03313523662,8941003415431756169,COSMOS
700,29151930730562,3798007345,Ufone,03313521359,8941003415431756125,COSMOS
701,29151920220506,3798007125,Ufone,03313520887,8941003415431756115,COSMOS
702,29151920235405,3798006948,Ufone,03313520975,8941003415431756118,COSMOS
703,29151920235406,3798006949,Ufone,03313582011,8941003415431756805,COSMOS
704,29151920236403,3798007040,Ufone,03313521072,8941003415431756121,COSMOS
705,29151920236404,3798007015,Ufone,03313521068,8941003415431756120,COSMOS
706,29151920236820,3798007078,Ufone,03313582015,8941003415431756806,COSMOS
707,29151920236912,3798007183,Ufone,03313521017,8941003415431756119,COSMOS
708,29151920293403,3798007185,Ufone,03340305039,8941003415431755900,COSMOS
709,29151920293717,3798007097,Ufone,03340304938,8941003415431755884,COSMOS
710,29151920299428,3798007100,Ufone,03340304932,8941003415431755883,COSMOS
711,29151920336900,3798006957,Ufone,03313581915,8941003415431756800,COSMOS
712,29151920346527,3798007076,Ufone,03340300184,8941003415431755781,COSMOS
713,29151920349854,3798007226,Ufone,03313514468,8941003415431756034,COSMOS
714,29151920378003,3798007132,Ufone,03313510891,8941003415431755980,COSMOS
715,29151920380602,3798006969,Ufone,03313511051,8941003415431755981,COSMOS
716,29151920384496,3798006929,Ufone,03313517230,8941003415431756064,COSMOS
717,29151920001834,3798007329,Ufone,03313518776,8941003415431756091,COSMOS
718,29151920002116,3798007023,Ufone,03313517640,8941003415431756072,COSMOS
719,29151920010806,3798007201,Ufone,03313518639,8941003415431756089,COSMOS
720,29151920017125,3798007190,Ufone,03313518416,8941003415431756086,COSMOS
721,29151920025186,3798007406,Ufone,03313518429,8941003415431756087,COSMOS
722,29151920106109,3798007328,Ufone,03313517819,8941003415431756074,COSMOS
723,29151920129618,3798007417,Ufone,03313520952,8941003415431756117,COSMOS
724,29151920137426,3798006992,Ufone,03313517926,8941003415431756078,COSMOS
725,29151920139402,3798007214,Ufone,03313518256,8941003415431756085,COSMOS
726,29151920142605,3798007353,Ufone,03313518221,8941003415431756084,COSMOS
727,29151920154402,3798007253,Ufone,03313529031,8941003415431756231,COSMOS
728,29151920154428,3798007065,Ufone,03313529006,8941003415431756230,COSMOS
729,29151920155706,3798007467,Ufone,03313528953,8941003415431756228,COSMOS
730,29151920161105,3798007446,Ufone,03313528564,8941003415431756223,COSMOS
731,29151920166901,3798007399,Ufone,03313528459,8941003415431756222,COSMOS
732,29151920173927,3798007241,Ufone,03313529081,8941003415431756232,COSMOS
733,29151920174520,3798007409,Ufone,03313517879,8941003415431756076,COSMOS
734,29151920174521,3798007068,Ufone,03313518134,8941003415431756083,COSMOS
735,29151920174704,3798007161,Ufone,03313517907,8941003415431756077,COSMOS
736,29151920175301,3798007057,Ufone,03313518799,8941003415431756092,COSMOS
737,29151920179102,3798007017,Ufone,03313518607,8941003415431756088,COSMOS
738,29151920184003,3798007394,Ufone,03340305023,8941003415431755897,COSMOS
739,29151920184004,3798007096,Ufone,03340304206,8941003415431755829,COSMOS
740,29151920185301,3798007170,Ufone,03340304173,8941003415431755828,COSMOS
741,29151920187662,3798007043,Ufone,03340304208,8941003415431755830,COSMOS
742,29151920191602,3798007390,Ufone,03313517954,8941003415431756080,COSMOS
743,29151920194703,3798007439,Ufone,03340304989,8941003415431755890,COSMOS
744,29151920204305,3798007217,Ufone,03340304992,8941003415431755892,COSMOS
745,29151920205039,3798007301,Ufone,03340305037,8941003415431755898,COSMOS
746,29151920207804,3798007079,Ufone,03340304991,8941003415431755891,COSMOS
747,29151920345403,3798007155,Ufone,03313511273,8941003415431755985,COSMOS
748,29151950349807,3798007033,Ufone,03313514285,8941003415431756033,COSMOS
749,29151950355094,3798007189,Ufone,03313515933,8941003415431756049,COSMOS
750,29151950566909,3798007094,Ufone,03313513540,8941003415431756024,COSMOS
751,29151950567815,3798007120,Ufone,03313517586,8941003415431756071,COSMOS
752,29151950571004,3798007055,Ufone,03313513270,8941003415431756022,COSMOS
753,29151950647102,3798007172,Ufone,03340039757,8941003415431755761,COSMOS
754,29151950648806,3798007319,Ufone,03313517491,8941003415431756068,COSMOS
755,29151950651212,3798007179,Ufone,03340039459,8941003415431755737,COSMOS
756,29151950665003,3798007242,Ufone,03313517357,8941003415431756066,COSMOS
757,29151950667503,3798007447,Ufone,03313513885,8941003415431756026,COSMOS
758,29151950667602,3798007116,Ufone,03313517352,8941003415431756065,COSMOS
759,29151950736202,3798007041,Ufone,03313517503,8941003415431756069,COSMOS
760,29151950800805,3798007127,Ufone,03313511279,8941003415431755986,COSMOS
761,29151950823604,3798007112,Ufone,03313514594,8941003415431756035,COSMOS
762,29151910227915,3798006928,Ufone,03313522948,8941003415431756161,COSMOS
763,29151910667302,3798006932,Ufone,03313581091,8941003415431756773,COSMOS
764,29151910668901,3798006991,Ufone,03313523202,8941003415431756165,COSMOS
765,29151910322826,3798006939,Ufone,03313523603,8941003415431756168,COSMOS
766,29151910406210,3798007122,Ufone,03313523141,8941003415431756164,COSMOS
767,29151910771079,3798007194,Ufone,03313521289,8941003415431756123,COSMOS
768,29151910806530,3798006938,Ufone,03313570256,8941003415431756616,COSMOS
769,29151910821003,3798006937,Ufone,03313570247,8941003415431756615,COSMOS
770,29151910270068,3798007143,Ufone,03313522587,8941003415431756151,COSMOS
771,29151910384811,3798007187,Ufone,03313522833,8941003415431756156,COSMOS
772,29151910390401,3798007288,Ufone,03313522710,8941003415431756155,COSMOS
773,29151910391312,3798007246,Ufone,03313522681,8941003415431756154,COSMOS
774,29151910391401,3798006976,Ufone,03313522644,8941003415431756153,COSMOS
775,29151910462204,3798007240,Ufone,03313522843,8941003415431756157,COSMOS
776,29151910119002,3798007392,Ufone,03313572964,8941003415431756882,COSMOS
777,29151910134109,3798007090,Ufone,03340039156,8941003415431755694,COSMOS
778,29151910166816,3798006990,Ufone,03313563327,8941003415431756538,COSMOS
779,29151910168147,3798007337,Ufone,03313563306,8941003415431756537,COSMOS
780,29151910173501,3798007006,Ufone,03313522577,8941003415431756150,COSMOS
781,29151910198305,3798007291,Ufone,03313523682,8941003415431756170,COSMOS
782,29151910227906,3798007050,Ufone,03313581138,8941003415431756774,COSMOS
783,29151910249772,3798007248,Ufone,03313522982,8941003415431756162,COSMOS
784,29151910269304,3798007396,Ufone,03313522591,8941003415431756152,COSMOS
785,29151910274702,3798007063,Ufone,03313563539,8941003415431756540,COSMOS
786,29151910283304,3798007186,Ufone,03313522923,8941003415431756159,COSMOS
787,29151910287715,3798007082,Ufone,03313522849,8941003415431756158,COSMOS
788,29151910322822,3798007340,Ufone,03313523715,8941003415431756171,COSMOS
789,29151910410509,3798007092,Ufone,03313521167,8941003415431756122,COSMOS
790,29151640086103,3798006956,Ufone,03313520431,8941003415431756109,COSMOS
791,29151640027009,3798006984,Ufone,03313519383,8941003415431756102,COSMOS
792,29151640115007,3798007274,Ufone,03313518851,8941003415431756093,COSMOS
793,29151640118903,3798007379,Ufone,03313517802,8941003415431756073,COSMOS
794,29151640118904,3798007232,Ufone,03313519441,8941003415431756103,COSMOS
795,29151640118905,3798007269,Ufone,03313517976,8941003415431756081,COSMOS
796,29151640132902,3798007375,Ufone,03313517844,8941003415431756075,COSMOS
797,29151640149223,3798007358,Ufone,03313519316,899220004015423794,COSMOS
798,29151640152428,3798007262,Ufone,03313519157,8941003415431756097,COSMOS
799,29151640152443,3798007378,Ufone,03313520479,8941003415431756110,COSMOS
800,29151640174716,3798007074,Ufone,03313520213,8941003415431756108,COSMOS
801,29151640175869,3798006946,Ufone,03313519738,8941003415431756105,COSMOS
802,29151640279960,3798007290,Ufone,03340304229,8941003415431755834,COSMOS
803,29151640287103,3798007435,Ufone,03340304336,8941003415431755840,COSMOS
804,29151640289702,3798006977,Ufone,03340304357,8941003415431755842,COSMOS
805,29151640297302,3798007152,Ufone,03313573776,8941003415431756641,COSMOS
806,29151640301631,3798007369,Ufone,03313573214,8941003415431756628,COSMOS
807,29151640303499,3798007366,Ufone,03313573203,8941003415431756627,COSMOS
808,29151640352334,3798007154,Ufone,03340304856,8941003415431755869,COSMOS
809,29151640364139,3798007445,Ufone,03340304677,8941003415431755857,COSMOS
810,29151640398711,3798007431,Ufone,03313573664,8941003415431756638,COSMOS
811,29151640408606,3798007370,Ufone,03313573247,8941003415431756630,COSMOS
812,29151640415601,3798006920,Ufone,03313573157,8941003415431756624,COSMOS
813,29151640415870,3798007231,Ufone,03313573191,8941003415431756626,COSMOS
814,29151640415874,3798007357,Ufone,03313573169,8941003415431756625,COSMOS
815,29151640422157,3798007270,Ufone,03340304573,8941003415431755852,COSMOS
816,29151640422158,3798006951,Ufone,03313573504,8941003415431756637,COSMOS
817,29151640499203,3798007108,Ufone,03340304712,8941003415431755860,COSMOS
818,29151640524471,3798007174,Ufone,03313546334,8941003415431756369,COSMOS
819,29151640532301,3798007292,Ufone,03340304766,8941003415431755863,COSMOS
820,29151640532302,3798007181,Ufone,03313572996,8941003415431756622,COSMOS
821,29151640000213,3799000597,Ufone,03313585086,8941003415431756894,COSMOS
822,29151640000214,3799000570,Ufone,03313584277,8941003415431756876,COSMOS
823,29151640278753,3798007356,Ufone,03340304525,8941003415431755848,COSMOS
824,29151640290502,3798007224,Ufone,03340304356,8941003415431755841,COSMOS
825,29151640293603,3798007049,Ufone,03340304706,8941003415431755859,COSMOS
826,29151640302406,3798007264,Ufone,03313573107,8941003415431756623,COSMOS
827,29151640307009,3798007282,Ufone,03340304461,8941003415431755845,COSMOS
828,29151640311802,3798006979,Ufone,03340304572,8941003415431755851,COSMOS
829,29151640311812,3798007333,Ufone,03340304493,8941003415431755846,COSMOS
830,29151640311813,3798007252,Ufone,03340304452,8941003415431755844,COSMOS
831,29151640311814,3798007383,Ufone,03340304576,8941003415431755853,COSMOS
832,29151640311815,3798006919,Ufone,03313573697,8941003415431756640,COSMOS
833,29151640311816,3798007454,Ufone,03340304375,8941003415431755843,COSMOS
834,29151640311817,3798006916,Ufone,03340304563,8941003415431755850,COSMOS
835,29151640314804,3798007377,Ufone,03313573684,8941003415431756639,COSMOS
836,29151640335104,3798006961,Ufone,03340304770,8941003415431755866,COSMOS
837,29151640335105,3798007437,Ufone,03313573318,8941003415431756631,COSMOS
838,29151640351301,3798007077,Ufone,03340304771,8941003415431755867,COSMOS
839,29151640357614,3798007222,Ufone,03340304782,8941003415431755868,COSMOS
840,29151640364141,3798007418,Ufone,03340304602,8941003415431755856,COSMOS
841,29151640364157,3798007215,Ufone,03340304687,8941003415431755858,COSMOS
842,29151640388203,3798007472,Ufone,03313573231,8941003415431756629,COSMOS
843,29151640053201,3798007387,Ufone,03340304057,8941003415431755820,COSMOS
844,29151640060608,3798007311,Ufone,03340304105,8941003415431755822,COSMOS
845,29151640083607,3798007352,Ufone,03340304129,8941003415431755826,COSMOS
846,29151640090810,3798007402,Ufone,03340304087,8941003415431755821,COSMOS
847,29151640094611,3798007452,Ufone,03340304311,8941003415431755839,COSMOS
848,29151640204141,3798007416,Ufone,03313519075,8941003415431756096,COSMOS
849,29151640204169,3798007053,Ufone,03313518911,8941003415431756094,COSMOS
850,29151641601358,3798007184,Ufone,03313576559,8941003415431756686,COSMOS
851,29151641601386,3798007313,Ufone,03313543035,8941003415431756328,COSMOS
852,29151641601584,3798007163,Ufone,03313545821,8941003415431756364,COSMOS
853,29151641601587,3798007372,Ufone,03313546004,8941003415431756365,COSMOS
854,29151642628609,3798006963,Ufone,03313577825,8941003415431756714,COSMOS
855,29151642631505,3798007318,Ufone,03313577946,8941003415431756720,COSMOS
856,29151642684901,3798007381,Ufone,03313544037,8941003415431756342,COSMOS
857,29151642686209,3798007002,Ufone,03313545182,8941003415431756358,COSMOS
858,29151642692601,3798007005,Ufone,03313544328,8941003415431756346,COSMOS
859,29151642694600,3798007386,Ufone,03313544791,8941003415431756351,COSMOS
860,29151642707200,3798007164,Ufone,03313543968,8941003415431756341,COSMOS
861,29151642707201,3798007211,Ufone,03313543575,8941003415431756338,COSMOS
862,29151642719101,3798007251,Ufone,03313545586,8941003415431756362,COSMOS
863,29151642722904,3798007001,Ufone,03313545507,8941003415431756360,COSMOS
864,29151642751900,3798007376,Ufone,03313546059,8941003415431756366,COSMOS
865,29151642770506,3798007440,Ufone,03313544896,8941003415431756354,COSMOS
866,29151642773005,3798007281,Ufone,03313545612,8941003415431756363,COSMOS
867,29151642780000,3798007359,Ufone,03313543098,8941003415431756330,COSMOS
868,29151642786301,3798007323,Ufone,03313577671,8941003415431756710,COSMOS
869,29151642794709,3798007425,Ufone,03313576297,8941003415431756673,COSMOS
870,29151642805609,3798007286,Ufone,03313545340,8941003415431756359,COSMOS
871,29151642807905,3798007415,Ufone,03313577071,8941003415431756695,COSMOS
872,29151642815102,3798007459,Ufone,03313544762,8941003415431756350,COSMOS
873,29151642817100,3798007453,Ufone,03313577268,8941003415431756701,COSMOS
874,29151642823004,3798007294,Ufone,03313576344,8941003415431756675,COSMOS
875,29151642830109,3798006925,Ufone,03313576692,8941003415431756689,COSMOS
876,29151642843109,3798007199,Ufone,03313576326,8941003415431756674,COSMOS
877,29151642849309,3798007343,Ufone,03313576978,8941003415431756694,COSMOS
878,29151642850819,3798007168,Ufone,03313576368,8941003415431756678,COSMOS
879,29151642877609,3798007026,Ufone,03313544613,8941003415431756349,COSMOS
880,29151642962800,3798007169,Ufone,03313545109,8941003415431756357,COSMOS
881,29151643017109,3798006967,Ufone,03313577206,899220004015423793,COSMOS
882,29151643057609,3798007427,Ufone,03313543122,899220004015423792,COSMOS
883,29151643064209,3798006982,Ufone,03313544803,8941003415431756352,COSMOS
884,29151643077305,3798007324,Ufone,03313545063,8941003415431756356,COSMOS
885,29151643089605,3798007084,Ufone,03313545022,8941003415431756355,COSMOS
886,29151643091000,3798007462,Ufone,03313544833,8941003415431756353,COSMOS
887,29151640053507,3798007203,Ufone,03313519268,8941003415431756100,COSMOS
888,29151640053508,3798006924,Ufone,03313519263,8941003415431756098,COSMOS
889,29151640053967,3798007422,Ufone,03313518091,8941003415431756082,COSMOS
890,29151640053970,3798007058,Ufone,03313519267,8941003415431756099,COSMOS
891,29151640063501,3798007326,Ufone,03313565849,8941003415431756555,COSMOS
892,29151640192836,3798007360,Ufone,03313519066,8941003415431756095,COSMOS
893,29151640192839,3798007064,Ufone,03313520114,8941003415431756106,COSMOS
894,29151640203810,3798007266,Ufone,03313520614,8941003415431756111,COSMOS
895,29151640204429,3798007106,Ufone,03313519729,8941003415431756104,COSMOS
896,29151640211802,3798007460,Ufone,03313565945,8941003415431756556,COSMOS
897,29151640243829,3798006999,Ufone,03313565305,8941003415431756546,COSMOS
898,29151640264401,3798007209,Ufone,03313565303,8941003415431756545,COSMOS
899,29151640271810,3798007109,Ufone,03313542753,8941003415431756323,COSMOS
900,29151640271920,3798007362,Ufone,03313546541,8941003415431756371,COSMOS
901,29151640272019,3798006947,Ufone,03313542621,8941003415431756322,COSMOS
902,29151640274702,3798007087,Ufone,03313565161,8941003415431756544,COSMOS
903,29151640275619,3798007293,Ufone,03313563219,8941003415431756534,COSMOS
904,29151640083402,3798007107,Ufone,03340304127,8941003415431755825,COSMOS
905,29151642935901,3798007162,Ufone,03313520696,8941003415431756113,COSMOS
906,29151640279006,3798007219,Ufone,03340304506,8941003415431755847,COSMOS
907,29151640279969,3798007210,Ufone,03340304274,8941003415431755836,COSMOS
908,29151640279996,3798007220,Ufone,03340304249,8941003415431755835,COSMOS
909,29151640280406,3798006959,Ufone,03340304290,8941003415431755838,COSMOS
910,29151640280407,3798007412,Ufone,03340304219,8941003415431755832,COSMOS
911,29151640281207,3798007257,Ufone,03340304226,8941003415431755833,COSMOS
912,29151640281414,3798007428,Ufone,03340304210,8941003415431755831,COSMOS
913,29151640286309,3798007330,Ufone,03340304529,8941003415431755849,COSMOS
914,29151640484431,3798007466,Ufone,03313542977,8941003415431756326,COSMOS
915,29151640484432,3798007254,Ufone,03313546218,8941003415431756367,COSMOS
916,29151640484433,3798007327,Ufone,03313543026,8941003415431756327,COSMOS
917,29151640484435,3798006918,Ufone,03340304769,8941003415431755865,COSMOS
918,29151640485513,3798007160,Ufone,03340304768,8941003415431755864,COSMOS
919,29151640499109,3798007083,Ufone,03340304740,8941003415431755861,COSMOS
920,29151640502805,3798007363,Ufone,03340304584,8941003415431755854,COSMOS
921,29151640503520,3798007175,Ufone,03340304591,8941003415431755855,COSMOS
922,29151640517169,3798007407,Ufone,03313542948,8941003415431756325,COSMOS
923,29151640524330,3798007157,Ufone,03313546305,8941003415431756368,COSMOS
924,29151640524455,3798007348,Ufone,03313546479,8941003415431756370,COSMOS
925,29151640524458,3798007271,Ufone,03313542926,8941003415431756324,COSMOS
926,29151640534301,3798007284,Ufone,03340304761,8941003415431755862,COSMOS
927,29151630548570,3798007115,Ufone,03313528272,8941003415431756220,COSMOS
928,29151630549744,3798006964,Ufone,03313525830,8941003415431756177,COSMOS
929,29151630549745,3798006953,Ufone,03313528131,8941003415431756219,COSMOS
930,29151630550366,3798007098,Ufone,03313523922,8941003415431756173,COSMOS
931,29151630550451,3798007131,Ufone,03313526237,8941003415431756179,COSMOS
932,29151630550454,3798006950,Ufone,03313528102,8941003415431756217,COSMOS
933,29151630550467,3798007141,Ufone,03313526678,8941003415431756185,COSMOS
934,29151630551227,3798007003,Ufone,03313528104,8941003415431756218,COSMOS
935,29151630551619,3798007443,Ufone,03313526154,8941003415431756178,COSMOS
936,29151630551781,3798007135,Ufone,03313530618,8941003415431756241,COSMOS
937,29151630551989,3798006955,Ufone,03313531101,8941003415431756244,COSMOS
938,29151630560470,3798007193,Ufone,03313526530,8941003415431756181,COSMOS
939,29151630597307,3798007165,Ufone,03313527759,8941003415431756213,COSMOS
940,29151630598402,3798007268,Ufone,03313527101,8941003415431756197,COSMOS
941,29151630599672,3798007441,Ufone,03313531021,8941003415431756243,COSMOS
942,29151630601684,3798006933,Ufone,03313531152,8941003415431756245,COSMOS
943,29151630603699,3798007391,Ufone,03313531381,8941003415431756249,COSMOS
944,29151630603742,3798007198,Ufone,03313526646,8941003415431756183,COSMOS
945,29151630607307,3798007036,Ufone,03313531458,8941003415431756250,COSMOS
946,29151630607658,3798006988,Ufone,03313531236,8941003415431756247,COSMOS
947,29151630721437,3798007153,Ufone,03313567405,8941003415431756576,COSMOS
948,29151630721441,3798007243,Ufone,03313567380,8941003415431756575,COSMOS
949,29151630721444,3798007244,Ufone,03313567344,8941003415431756574,COSMOS
950,29151630722653,3798006998,Ufone,03313567289,8941003415431756573,COSMOS
951,29151630722666,3798007314,Ufone,03313567240,8941003415431756572,COSMOS
952,29151630726402,3798007315,Ufone,03313567629,8941003415431756580,COSMOS
953,29151630726803,3798007461,Ufone,03313544571,8941003415431756347,COSMOS
954,29151630727267,3798007233,Ufone,03313557042,8941003415431756479,COSMOS
955,29151630728616,3798007113,Ufone,03313567529,8941003415431756579,COSMOS
956,29151630728617,3798006995,Ufone,03313567504,8941003415431756578,COSMOS
957,29151630736203,3798007438,Ufone,03313567486,8941003415431756577,COSMOS
958,29151630736938,3798006974,Ufone,03313533585,8941003415431756260,COSMOS
959,29151630737510,3798006954,Ufone,03313533913,8941003415431756262,COSMOS
960,29151630738232,3798007013,Ufone,03313533847,8941003415431756261,COSMOS
961,29151630738364,3798006970,Ufone,03313531529,8941003415431756251,COSMOS
962,29151630738365,3798007265,Ufone,03313544216,8941003415431756344,COSMOS
963,29151630742465,3798007334,Ufone,03313568939,8941003415431756585,COSMOS
964,29151630743301,3798007239,Ufone,03313568743,8941003415431756584,COSMOS
965,29151630744354,3798006958,Ufone,03313568245,8941003415431756582,COSMOS
966,29151630749505,3798006917,Ufone,03313577185,8941003415431756699,COSMOS
967,29151630750114,3798007044,Ufone,03313532012,8941003415431756257,COSMOS
968,29151630750301,3798007335,Ufone,03313543238,8941003415431756334,COSMOS
969,29151630753501,3798007038,Ufone,03313531536,8941003415431756252,COSMOS
970,29151630770499,3798007261,Ufone,03313543121,8941003415431756331,COSMOS
971,29151630770526,3798007305,Ufone,03313543057,8941003415431756329,COSMOS
972,29151630774002,3798007430,Ufone,03313527147,8941003415431756198,COSMOS
973,29151630775472,3798007296,Ufone,03313544268,8941003415431756345,COSMOS
974,29151630778696,3798007304,Ufone,03313544077,8941003415431756343,COSMOS
975,29151630778703,3798007256,Ufone,03313527237,8941003415431756199,COSMOS
976,29151630790534,3798006952,Ufone,03313527383,8941003415431756201,COSMOS
977,29151630790535,3798007010,Ufone,03313532010,8941003415431756256,COSMOS
978,29151630793262,3798007374,Ufone,03313512018,8941003415431756001,COSMOS
979,29151630818145,3798007414,Ufone,03313528057,8941003415431756215,COSMOS
980,29151630887404,3798007258,Ufone,03313557280,8941003415431756484,COSMOS
981,29151630888809,3798007042,Ufone,03313557907,8941003415431756490,COSMOS
982,29151630889233,3798006935,Ufone,03313558059,8941003415431756491,COSMOS
983,29151630894991,3798007426,Ufone,03313557397,8941003415431756487,COSMOS
984,29151630899801,3798007442,Ufone,03313557671,8941003415431756488,COSMOS
985,29151630942008,3798007136,Ufone,03313559521,8941003415431756494,COSMOS
986,29151630942801,3798007102,Ufone,03313557816,8941003415431756489,COSMOS
987,29151630943712,3798007012,Ufone,03313559708,8941003415431756498,COSMOS
988,29151630944630,3798006993,Ufone,03313559717,8941003415431756499,COSMOS
989,29151630949564,3798006926,Ufone,03313559629,8941003415431756495,COSMOS
990,29151630971605,3798007147,Ufone,03313577675,8941003415431756711,COSMOS
991,29151630973632,3798006921,Ufone,03313576378,8941003415431756679,COSMOS
992,29151630977901,3798007365,Ufone,03313577864,8941003415431756716,COSMOS
993,29151630979742,3798007133,Ufone,03313576359,8941003415431756676,COSMOS
994,29151630979791,3798007455,Ufone,03313576435,8941003415431756682,COSMOS
995,29151630986201,3798007121,Ufone,03313577873,8941003415431756717,COSMOS
996,29151630952955,3798007195,Ufone,03313543144,8941003415431756333,COSMOS
997,29151630952969,3798007046,Ufone,03313559652,8941003415431756496,COSMOS
998,29151630952972,3798007236,Ufone,03313559664,8941003415431756497,COSMOS
999,29151630953232,3798007061,Ufone,03313576480,8941003415431756683,COSMOS
1000,29151630953753,3798006914,Ufone,03313559448,8941003415431756492,COSMOS
1001,29151630983283,3798007332,Ufone,03313559835,8941003415431756501,COSMOS
1002,29151630988437,3798007393,Ufone,03313577276,8941003415431756702,COSMOS
1003,29151630988658,3798007419,Ufone,03313576618,8941003415431756687,COSMOS
1004,29151630988676,3798007320,Ufone,03313569209,8941003415431756589,COSMOS
1005,29151630989906,3798007117,Ufone,03313569336,8941003415431756593,COSMOS
1006,29151630990792,3798006997,Ufone,03313569355,8941003415431756594,COSMOS
1007,29151630990797,3798007196,Ufone,03313569386,8941003415431756595,COSMOS
1008,29151630991167,3798007004,Ufone,03313569186,8941003415431756587,COSMOS
1009,29151630991213,3798007382,Ufone,03313569197,8941003415431756588,COSMOS
1010,29151631027701,3798007465,Ufone,03313569267,8941003415431756591,COSMOS
1011,29151631032630,3798007433,Ufone,03313569257,8941003415431756590,COSMOS
1012,29151631032636,3798007180,Ufone,03313569314,8941003415431756592,COSMOS
1013,29151631035529,3798007384,Ufone,03313559776,8941003415431756500,COSMOS
1014,29151630816103,3798007020,Ufone,03313512377,8941003415431756009,COSMOS
1015,29151630816106,3798007228,Ufone,03313512236,8941003415431756005,COSMOS
1016,29151630817202,3798007192,Ufone,03313512416,8941003415431756010,COSMOS
1017,29151630817555,3798007424,Ufone,03313527331,8941003415431756200,COSMOS
1018,29151630818185,3798007148,Ufone,03313534011,8941003415431756264,COSMOS
1019,29151630818257,3798007062,Ufone,03313527487,8941003415431756206,COSMOS
1020,29151630818261,3798007400,Ufone,03313527585,8941003415431756210,COSMOS
1021,29151630818268,3798007245,Ufone,03313512152,8941003415431756003,COSMOS
1022,29151630818269,3798007229,Ufone,03313512172,8941003415431756004,COSMOS
1023,29151630818989,3798007458,Ufone,03313576718,8941003415431756690,COSMOS
1024,29151630821214,3798007126,Ufone,03313527407,8941003415431756203,COSMOS
1025,29151630821229,3798007302,Ufone,03313527536,8941003415431756208,COSMOS
1026,29151630821233,3798006910,Ufone,03313526715,8941003415431756186,COSMOS
1027,29151630821234,3798007298,Ufone,03313527460,8941003415431756205,COSMOS
1028,29151630822526,3798007039,Ufone,03313534280,8941003415431756266,COSMOS
1029,29151630822528,3798007034,Ufone,03313534046,8941003415431756265,COSMOS
1030,29151630824755,3798007128,Ufone,03313534916,8941003415431756270,COSMOS
1031,29151630824760,3798007204,Ufone,03313543282,8941003415431756336,COSMOS
1032,29151630824922,3798007080,Ufone,03313534724,8941003415431756269,COSMOS
1033,29151630825892,3798007456,Ufone,03313534381,8941003415431756267,COSMOS
1034,29151630826120,3798007059,Ufone,03313569484,8941003415431756598,COSMOS
1035,29151630826153,3798007346,Ufone,03313569558,8941003415431756599,COSMOS
1036,29151630826197,3798007247,Ufone,03313569440,8941003415431756597,COSMOS
1037,29151630826245,3798007306,Ufone,03313534657,8941003415431756268,COSMOS
1038,29151630826248,3798007401,Ufone,03313569414,8941003415431756596,COSMOS
1039,29151630838006,3798007272,Ufone,03313569583,8941003415431756600,COSMOS
1040,29151630838736,3798007205,Ufone,03313543677,8941003415431756339,COSMOS
1041,29151630839201,3798007197,Ufone,03313576428,8941003415431756681,COSMOS
1042,29151630839219,3798007309,Ufone,03313576894,8941003415431756691,COSMOS
1043,29151630839220,3798007316,Ufone,03313512481,8941003415431756011,COSMOS
1044,29151630839221,3798007398,Ufone,03313512553,8941003415431756013,COSMOS
1045,29151630839743,3798007347,Ufone,03313512651,8941003415431756014,COSMOS
1046,29151630843662,3798007035,Ufone,03313512925,8941003415431756017,COSMOS
1047,29151630843666,3798007037,Ufone,03313512691,8941003415431756015,COSMOS
1048,29151630843829,3798007134,Ufone,03313512715,8941003415431756016,COSMOS
1049,29151630844121,3798006975,Ufone,03313513160,8941003415431756020,COSMOS
1050,29151630847286,3798007142,Ufone,03313512981,8941003415431756018,COSMOS
1051,29151630851326,3798007278,Ufone,03313576931,8941003415431756693,COSMOS
1052,29151630852306,3798007276,Ufone,03313513089,8941003415431756019,COSMOS
1053,29151630865206,3798007344,Ufone,03313554966,8941003415431756475,COSMOS
1054,29151630876225,3798007146,Ufone,03313557215,8941003415431756483,COSMOS
1055,29151630886306,3798006930,Ufone,03313557105,8941003415431756481,COSMOS
1056,29151630701429,3798007255,Ufone,03313527389,8941003415431756202,COSMOS
1057,29151630701498,3798007342,Ufone,03313526989,8941003415431756193,COSMOS
1058,29151630703803,3798007423,Ufone,03313526896,8941003415431756190,COSMOS
1059,29151630704056,3798007019,Ufone,03313526832,8941003415431756189,COSMOS
1060,29151630704344,3798007277,Ufone,03313526984,8941003415431756192,COSMOS
1061,29151630706602,3798007025,Ufone,03313526914,8941003415431756191,COSMOS
1062,29151630707832,3798007213,Ufone,03313526648,8941003415431756184,COSMOS
1063,29151630756773,3798007218,Ufone,03313531790,8941003415431756255,COSMOS
1064,29151630757501,3798006971,Ufone,03313527021,8941003415431756194,COSMOS
1065,29151630762342,3798007339,Ufone,03313528063,8941003415431756216,COSMOS
1066,29151630762343,3798007285,Ufone,03313527564,8941003415431756209,COSMOS
1067,29151630762350,3798006968,Ufone,03313576914,8941003415431756692,COSMOS
1068,29151630766651,3798007308,Ufone,03313527061,8941003415431756196,COSMOS
1069,29151630905022,3798007103,Ufone,03313525765,8941003415431756176,COSMOS
1070,29151630906113,3798007032,Ufone,03313523768,8941003415431756172,COSMOS
1071,29151630906998,3798007173,Ufone,03313525681,8941003415431756175,COSMOS
1072,29151630922230,3798007279,Ufone,03313528755,8941003415431756224,COSMOS
1073,29151630922501,3798007111,Ufone,03313529186,8941003415431756234,COSMOS
1074,29151630926501,3798007280,Ufone,03313528816,8941003415431756225,COSMOS
1075,29151630927965,3798007060,Ufone,03313524148,8941003415431756174,COSMOS
1076,29151630927966,3798007336,Ufone,03313528954,8941003415431756229,COSMOS
1077,29151630929323,3798006983,Ufone,03313526603,8941003415431756182,COSMOS
1078,29151630929328,3798007471,Ufone,03313528935,8941003415431756226,COSMOS
1079,29151630930341,3798007007,Ufone,03313529834,8941003415431756239,COSMOS
1080,29151630931099,3798007354,Ufone,03313528948,8941003415431756227,COSMOS
1081,29151630931176,3798007110,Ufone,03313529132,8941003415431756233,COSMOS
1082,29151630931178,3798007432,Ufone,03313529515,8941003415431756237,COSMOS
1083,29151630932404,3798007166,Ufone,03313530436,8941003415431756240,COSMOS
1084,29151630935212,3798007468,Ufone,03313529485,8941003415431756236,COSMOS
1085,29151630935213,3798007421,Ufone,03313529275,8941003415431756235,COSMOS
1086,29151630935214,3798007069,Ufone,03313529675,8941003415431756238,COSMOS
1087,29151630599783,3798007099,Ufone,03313527053,8941003415431756195,COSMOS
1088,29151630599787,3798007260,Ufone,03313527647,8941003415431756211,COSMOS
1089,29151630599790,3798007250,Ufone,03313526716,8941003415431756187,COSMOS
1090,29151630599793,3798007018,Ufone,03313528041,8941003415431756214,COSMOS
1091,29151630599795,3798007206,Ufone,03313526755,8941003415431756188,COSMOS
1092,29151630710429,3798007371,Ufone,03313533438,8941003415431756258,COSMOS
1093,29151630710433,3798007093,Ufone,03313533492,8941003415431756259,COSMOS
1094,29151630713126,3798007212,Ufone,03313527511,8941003415431756207,COSMOS
1095,29151630721262,3798007434,Ufone,03313527408,8941003415431756204,COSMOS
1096,29151630751370,3798007444,Ufone,03313543569,8941003415431756337,COSMOS
1097,29151630753634,3798007267,Ufone,03313531610,8941003415431756254,COSMOS
1098,29151630811401,3798007221,Ufone,03313512327,8941003415431756008,COSMOS
1099,29151630860043,3798007075,Ufone,03313557091,8941003415431756480,COSMOS
1100,29151630860044,3798007325,Ufone,03313556876,8941003415431756478,COSMOS
1101,29151630865126,3798007451,Ufone,03313554718,8941003415431756474,COSMOS
1102,29151630876208,3798007207,Ufone,03313556864,8941003415431756477,COSMOS
1103,29151630883417,3798007297,Ufone,03313533924,8941003415431756263,COSMOS
1104,29151630886303,3798006996,Ufone,03313557134,8941003415431756482,COSMOS
1105,29151611914485,3798006913,Ufone,03313570124,8941003415431756610,COSMOS
1106,29151611208301,3798007085,Ufone,03313569861,8941003415431756602,COSMOS
1107,29151611236110,3798007303,Ufone,03313569140,8941003415431756586,COSMOS
1108,29151611268208,3798006931,Ufone,03313573479,8941003415431756635,COSMOS
1109,29151610315007,3798007385,Ufone,03313573367,8941003415431756632,COSMOS
1110,29151610321711,3798007273,Ufone,03313573483,8941003415431756636,COSMOS
1111,29151610322511,3798007389,Ufone,03313573421,8941003415431756633,COSMOS
1112,29151611304248,3798007021,Ufone,03313574113,8941003415431756645,COSMOS
1113,29151611339730,3798007331,Ufone,03313569917,8941003415431756605,COSMOS
1114,29151611089255,3798007413,Ufone,03313573432,8941003415431756634,COSMOS
1115,29151611121022,3798007051,Ufone,03313575617,8941003415431756650,COSMOS
1116,29151611147835,3798006965,Ufone,03313573927,8941003415431756643,COSMOS
1117,29151611157735,3798007048,Ufone,03313569903,8941003415431756604,COSMOS
1118,29151611187606,3798007307,Ufone,03313560288,8941003415431756502,COSMOS
1119,29151611339408,3798006923,Ufone,03313560655,8941003415431756504,COSMOS
1120,29151611533173,3798007469,Ufone,03313560861,8941003415431756505,COSMOS
1121,29151611609284,3798007054,Ufone,03313560868,8941003415431756506,COSMOS
1122,29151611616720,3798007156,Ufone,03313560467,8941003415431756503,COSMOS
1123,29151620904030,3798007263,Ufone,03313569947,8941003415431756607,COSMOS
1124,29151620049909,3798007373,Ufone,03313560972,8941003415431756508,COSMOS
1125,29151620050309,3798007009,Ufone,03313561002,8941003415431756509,COSMOS
1126,29151620087021,3798007380,Ufone,03313560924,8941003415431756507,COSMOS
1127,29151620144505,3798006915,Ufone,03313569925,8941003415431756606,COSMOS
